station_id	datetime_utc	sa	ra
1320000004	2013-01-23 13:50:00	28	0
1140000007	2013-01-23 13:50:00	48	-888
1180000024	2013-01-23 13:50:00	35	0
1320000001	2013-01-23 13:50:00	46	0
1080000028	2013-01-23 13:50:00	78	0
1270000006	2013-01-23 13:50:00	36	-888
1020000004	2013-01-23 13:50:00	18	0
1260000003	2013-01-23 13:50:00	47	0
1150000009	2013-01-23 13:50:00	39	0
1320000003	2013-01-23 13:50:00	42	0
1270000008	2013-01-23 13:50:00	33	-888
1070000004	2013-01-23 13:50:00	-999	-888
1220000017	2013-01-23 13:50:00	40	0
1220000007	2013-01-23 13:50:00	46	0
1410000001	2013-01-23 13:50:00	27	0
1020000001	2013-01-23 13:50:00	13	0
1460000005	2013-01-23 13:50:00	33	0
1170000010	2013-01-23 13:50:00	43	0
1080000038	2013-01-23 13:50:00	70	0
1080000001	2013-01-23 13:50:00	77	-888
1180000002	2013-01-23 13:50:00	73	0
1220000013	2013-01-23 13:50:00	38	0
1330000003	2013-01-23 13:50:00	38	0
1080000011	2013-01-23 13:50:00	82	-888
1080000036	2013-01-23 13:50:00	64	-888
1080000019	2013-01-23 13:50:00	86	-888
1070000026	2013-01-23 13:50:00	-999	-888
1180000006	2013-01-23 13:50:00	76	0
1140000006	2013-01-23 13:50:00	44	1
1020000003	2013-01-23 13:50:00	17	0
1140000005	2013-01-23 13:50:00	51	-888
1070000003	2013-01-23 13:50:00	1415	-888
1080000012	2013-01-23 13:50:00	108	-888
1320000008	2013-01-23 13:50:00	34	-888
1170000008	2013-01-23 13:50:00	47	0
1080000006	2013-01-23 13:50:00	77	-888
1270000010	2013-01-23 13:50:00	42	-888
1080000015	2013-01-23 13:50:00	82	-888
1220000015	2013-01-23 13:50:00	37	0
1410000003	2013-01-23 13:50:00	30	-888
1020000005	2013-01-23 13:50:00	18	0
1080000030	2013-01-23 13:50:00	56	-888
1080000013	2013-01-23 13:50:00	74	-888
1040000005	2013-01-23 13:50:00	25	0
1410000009	2013-01-23 13:50:00	30	-888
1020000006	2013-01-23 13:50:00	16	0
1070000023	2013-01-23 13:50:00	-999	-888
1080000007	2013-01-23 13:50:00	80	-888
1220000014	2013-01-23 13:50:00	38	0
1020000025	2013-01-23 13:50:00	21	-888
1070000010	2013-01-23 13:50:00	1034	-888
1270000015	2013-01-23 13:50:00	52	-888
1220000003	2013-01-23 13:50:00	46	0
1080000039	2013-01-23 13:50:00	68	-888
1420000001	2013-01-23 13:50:00	23	0
1070000020	2013-01-23 13:50:00	220	-888
1260000004	2013-01-23 13:50:00	32	0
1020000021	2013-01-23 13:50:00	16	-888
1270000005	2013-01-23 13:50:00	48	-888
1010000002	2013-01-23 13:50:00	23	0
1460000002	2013-01-23 13:50:00	35	0
1460000007	2013-01-23 13:50:00	32	0
1080000020	2013-01-23 13:50:00	69	-888
1260000001	2013-01-23 13:50:00	30	0
1080000031	2013-01-23 13:50:00	51	0
1270000001	2013-01-23 13:50:00	41	0
1180000001	2013-01-23 13:50:00	58	0
1180000004	2013-01-23 13:50:00	59	0
1070000008	2013-01-23 13:50:00	-999	-888
1380000033	2013-01-23 13:50:00	12	-888
1070000025	2013-01-23 13:50:00	1787	-888
1010000008	2013-01-23 13:50:00	15	0
1270000014	2013-01-23 13:50:00	48	-888
1150000001	2013-01-23 13:50:00	42	0
1150000008	2013-01-23 13:50:00	37	0
1080000016	2013-01-23 13:50:00	88	-888
1070000012	2013-01-23 13:50:00	730	-888
1170000009	2013-01-23 13:50:00	40	0
1070000002	2013-01-23 13:50:00	-999	-888
1010000009	2013-01-23 13:50:00	15	0
1020000002	2013-01-23 13:50:00	15	0
1070000001	2013-01-23 13:50:00	872	-888
1220000001	2013-01-23 13:50:00	41	0
1080000029	2013-01-23 13:50:00	53	-888
1460000003	2013-01-23 13:50:00	28	0
1040000003	2013-01-23 13:50:00	-999	-999
1320000024	2013-01-23 13:50:00	42	-888
1080000003	2013-01-23 13:50:00	71	-888
1180000012	2013-01-23 13:50:00	44	0
1080000027	2013-01-23 13:50:00	56	-888
1380000003	2013-01-23 13:50:00	15	-888
1020000010	2013-01-23 13:50:00	16	0
1220000002	2013-01-23 13:50:00	54	0
1460000004	2013-01-23 13:50:00	33	0
1040000004	2013-01-23 13:50:00	-999	-999
1080000010	2013-01-23 13:50:00	94	-888
1320000023	2013-01-23 13:50:00	37	-888
1020000026	2013-01-23 13:50:00	18	0
1080000014	2013-01-23 13:50:00	66	-888
1070000022	2013-01-23 13:50:00	1280	-888
1150000007	2013-01-23 13:50:00	37	0
1080000022	2013-01-23 13:50:00	67	-888
1220000006	2013-01-23 13:50:00	40	0
1070000013	2013-01-23 13:50:00	299	-888
1380000034	2013-01-23 13:50:00	23	-888
1180000025	2013-01-23 13:50:00	27	0
1070000011	2013-01-23 13:50:00	-999	-888
1180000003	2013-01-23 13:50:00	67	0
1080000002	2013-01-23 13:50:00	76	-888
1020000023	2013-01-23 13:50:00	15	-888
1070000018	2013-01-23 13:50:00	4202	-888
1080000004	2013-01-23 13:50:00	60	-888
1220000008	2013-01-23 13:50:00	42	0
1380000032	2013-01-23 13:50:00	23	-888
1170000002	2013-01-23 13:50:00	47	0
1170000005	2013-01-23 13:50:00	46	0
1080000009	2013-01-23 13:50:00	87	-888
1140000002	2013-01-23 13:50:00	55	-888
1180000013	2013-01-23 13:50:00	27	0
1080000018	2013-01-23 13:50:00	56	-888
1460000001	2013-01-23 13:50:00	26	0
1020000011	2013-01-23 13:50:00	15	0
1270000007	2013-01-23 13:50:00	40	0
1220000005	2013-01-23 13:50:00	38	0
1270000013	2013-01-23 13:50:00	43	-888
1140000009	2013-01-23 13:50:00	46	-888
1150000005	2013-01-23 13:50:00	37	0
1260000005	2013-01-23 13:50:00	37	0
1180000010	2013-01-23 13:50:00	35	0
1140000010	2013-01-23 13:50:00	47	-888
1070000016	2013-01-23 13:50:00	242	-888
1220000009	2013-01-23 13:50:00	-888	0
1180000009	2013-01-23 13:50:00	41	0
1040000001	2013-01-23 13:50:00	15	0
1380000002	2013-01-23 13:50:00	23	-888
1170000006	2013-01-23 13:50:00	44	0
1140000001	2013-01-23 13:50:00	42	0
1140000012	2013-01-23 13:50:00	39	-888
1180000008	2013-01-23 13:50:00	-999	-999
1070000006	2013-01-23 13:50:00	4962	-888
1020000022	2013-01-23 13:50:00	14	-888
1180000021	2013-01-23 13:50:00	48	0
1270000009	2013-01-23 13:50:00	34	-888
1320000007	2013-01-23 13:50:00	29	-888
1220000016	2013-01-23 13:50:00	41	0
1140000004	2013-01-23 13:50:00	53	-888
1020000012	2013-01-23 13:50:00	18	0
1070000009	2013-01-23 13:50:00	16230	-888
1320000009	2013-01-23 13:50:00	36	-888
1270000004	2013-01-23 13:50:00	51	-888
1170000004	2013-01-23 13:50:00	39	0
1080000021	2013-01-23 13:50:00	73	-888
1080000024	2013-01-23 13:50:00	59	-888
1150000010	2013-01-23 13:50:00	27	0
1270000003	2013-01-23 13:50:00	49	-888
1330000001	2013-01-23 13:50:00	31	-999
1070000017	2013-01-23 13:50:00	3413	-888
1070000005	2013-01-23 13:50:00	2852	0
1260000002	2013-01-23 13:50:00	35	0
1170000007	2013-01-23 13:50:00	54	0
1010000001	2013-01-23 13:50:00	20	0
1020000024	2013-01-23 13:50:00	27	-888
1270000002	2013-01-23 13:50:00	49	-888
1320000006	2013-01-23 13:50:00	37	-888
1150000002	2013-01-23 13:50:00	37	0
1180000022	2013-01-23 13:50:00	61	0
1080000035	2013-01-23 13:50:00	79	0
1080000034	2013-01-23 13:50:00	73	-888
1150000003	2013-01-23 13:50:00	39	0
1070000021	2013-01-23 13:50:00	814	-888
1410000011	2013-01-23 13:50:00	28	-888
1040000006	2013-01-23 13:50:00	-999	-999
1080000032	2013-01-23 13:50:00	49	-888
1140000013	2013-01-23 13:50:00	44	-888
1010000007	2013-01-23 13:50:00	14	0
1010000004	2013-01-23 13:50:00	20	0
1080000017	2013-01-23 13:50:00	60	-888
1380000035	2013-01-23 13:50:00	21	-888
1040000002	2013-01-23 13:50:00	33	0
1080000033	2013-01-23 13:50:00	60	-888
1170000001	2013-01-23 13:50:00	46	0
1080000026	2013-01-23 13:50:00	49	0
1080000023	2013-01-23 13:50:00	66	0
1330000002	2013-01-23 13:50:00	27	0
1080000005	2013-01-23 13:50:00	63	0
1150000006	2013-01-23 13:50:00	38	0
1410000002	2013-01-23 13:50:00	29	-888
1460000006	2013-01-23 13:50:00	43	0
1140000008	2013-01-23 13:50:00	44	-888
1170000003	2013-01-23 13:50:00	48	0
1180000011	2013-01-23 13:50:00	39	0
1410000010	2013-01-23 13:50:00	33	-888
1010000005	2013-01-23 13:50:00	16	0
1080000025	2013-01-23 13:50:00	56	-888
1080000008	2013-01-23 13:50:00	73	0
1260000006	2013-01-23 13:50:00	37	0
1140000011	2013-01-23 13:50:00	37	-888
1040000013	2013-01-23 13:50:00	-999	-999
1070000007	2013-01-23 13:50:00	3726	0
1140000003	2013-01-23 13:50:00	35	-888
1220000004	2013-01-23 13:50:00	44	0
1010000006	2013-01-23 13:50:00	20	0
1010000003	2013-01-23 13:50:00	21	0
1320000005	2013-01-23 13:50:00	43	-888
1320000002	2013-01-23 13:50:00	40	0
1150000011	2013-01-23 13:50:00	30	0
1180000007	2013-01-23 13:50:00	77	0
1180000005	2013-01-23 13:50:00	71	0
1220000018	2013-01-23 13:50:00	45	0
1380000031	2013-01-23 13:50:00	18	-888
1380000001	2013-01-23 13:50:00	17	0
1080000037	2013-01-23 13:50:00	52	0
1180000023	2013-01-23 13:50:00	31	0
1150000004	2013-01-23 13:50:00	36	0
1310000001	2013-01-23 13:50:00	32	0
1270000011	2013-01-23 13:50:00	52	-888
1270000012	2013-01-23 13:50:00	37	0
1070000024	2013-01-23 13:50:00	-999	-888
1070000013	2013-01-23 14:00:00	299	-888
1070000022	2013-01-23 14:00:00	1281	-888
1180000001	2013-01-23 14:00:00	59	0
1020000025	2013-01-23 14:00:00	21	-888
1170000002	2013-01-23 14:00:00	47	0
1320000009	2013-01-23 14:00:00	36	-888
1080000029	2013-01-23 14:00:00	53	-888
1180000011	2013-01-23 14:00:00	40	0
1080000009	2013-01-23 14:00:00	87	-888
1150000001	2013-01-23 14:00:00	42	0
1070000025	2013-01-23 14:00:00	1789	-888
1080000010	2013-01-23 14:00:00	94	-888
1310000001	2013-01-23 14:00:00	31	0
1150000004	2013-01-23 14:00:00	36	0
1380000002	2013-01-23 14:00:00	23	-888
1020000006	2013-01-23 14:00:00	16	0
1080000034	2013-01-23 14:00:00	72	-888
1170000001	2013-01-23 14:00:00	47	0
1270000010	2013-01-23 14:00:00	42	-888
1070000009	2013-01-23 14:00:00	16230	-888
1140000006	2013-01-23 14:00:00	44	0
1080000022	2013-01-23 14:00:00	67	-888
1260000002	2013-01-23 14:00:00	35	0
1070000016	2013-01-23 14:00:00	242	-888
1330000003	2013-01-23 14:00:00	38	0
1180000025	2013-01-23 14:00:00	27	0
1140000011	2013-01-23 14:00:00	37	-888
1010000009	2013-01-23 14:00:00	14	0
1080000006	2013-01-23 14:00:00	78	-888
1170000008	2013-01-23 14:00:00	47	0
1460000007	2013-01-23 14:00:00	31	0
1330000001	2013-01-23 14:00:00	31	-999
1020000002	2013-01-23 14:00:00	15	0
1320000005	2013-01-23 14:00:00	43	-888
1070000001	2013-01-23 14:00:00	880	-888
1080000037	2013-01-23 14:00:00	53	0
1380000032	2013-01-23 14:00:00	23	-888
1170000007	2013-01-23 14:00:00	54	0
1150000008	2013-01-23 14:00:00	37	0
1020000003	2013-01-23 14:00:00	17	0
1380000031	2013-01-23 14:00:00	18	-888
1420000001	2013-01-23 14:00:00	24	0
1140000001	2013-01-23 14:00:00	42	0
1070000005	2013-01-23 14:00:00	2848	0
1020000004	2013-01-23 14:00:00	18	0
1460000002	2013-01-23 14:00:00	34	0
1070000002	2013-01-23 14:00:00	-999	-888
1180000022	2013-01-23 14:00:00	59	0
1270000005	2013-01-23 14:00:00	47	-888
1140000003	2013-01-23 14:00:00	35	-888
1220000009	2013-01-23 14:00:00	-888	0
1080000031	2013-01-23 14:00:00	51	0
1140000007	2013-01-23 14:00:00	49	-888
1270000007	2013-01-23 14:00:00	40	0
1020000010	2013-01-23 14:00:00	16	0
1020000023	2013-01-23 14:00:00	15	-888
1070000007	2013-01-23 14:00:00	3724	0
1010000001	2013-01-23 14:00:00	19	0
1010000002	2013-01-23 14:00:00	23	0
1180000010	2013-01-23 14:00:00	35	0
1020000021	2013-01-23 14:00:00	15	-888
1080000002	2013-01-23 14:00:00	76	-888
1080000036	2013-01-23 14:00:00	64	-888
1080000019	2013-01-23 14:00:00	86	-888
1270000015	2013-01-23 14:00:00	52	-888
1180000004	2013-01-23 14:00:00	57	0
1320000006	2013-01-23 14:00:00	37	-888
1170000003	2013-01-23 14:00:00	47	0
1320000003	2013-01-23 14:00:00	40	0
1270000004	2013-01-23 14:00:00	50	-888
1080000026	2013-01-23 14:00:00	49	0
1010000007	2013-01-23 14:00:00	14	0
1080000013	2013-01-23 14:00:00	74	-888
1180000008	2013-01-23 14:00:00	-999	-999
1320000002	2013-01-23 14:00:00	40	0
1260000006	2013-01-23 14:00:00	37	0
1080000032	2013-01-23 14:00:00	49	-888
1410000002	2013-01-23 14:00:00	29	-888
1140000005	2013-01-23 14:00:00	50	-888
1270000013	2013-01-23 14:00:00	44	-888
1170000009	2013-01-23 14:00:00	40	0
1150000006	2013-01-23 14:00:00	38	0
1020000024	2013-01-23 14:00:00	27	-888
1220000013	2013-01-23 14:00:00	38	0
1410000001	2013-01-23 14:00:00	27	0
1080000025	2013-01-23 14:00:00	56	-888
1080000028	2013-01-23 14:00:00	80	0
1460000006	2013-01-23 14:00:00	44	0
1260000001	2013-01-23 14:00:00	31	0
1180000021	2013-01-23 14:00:00	45	0
1170000006	2013-01-23 14:00:00	44	0
1080000015	2013-01-23 14:00:00	82	-888
1040000002	2013-01-23 14:00:00	33	0
1020000012	2013-01-23 14:00:00	19	0
1070000024	2013-01-23 14:00:00	-999	-888
1080000030	2013-01-23 14:00:00	57	-888
1010000005	2013-01-23 14:00:00	17	0
1270000003	2013-01-23 14:00:00	50	-888
1320000001	2013-01-23 14:00:00	47	0
1460000005	2013-01-23 14:00:00	32	0
1410000011	2013-01-23 14:00:00	29	-888
1180000013	2013-01-23 14:00:00	27	0
1460000003	2013-01-23 14:00:00	28	0
1140000010	2013-01-23 14:00:00	47	-888
1220000018	2013-01-23 14:00:00	45	0
1260000004	2013-01-23 14:00:00	32	0
1180000005	2013-01-23 14:00:00	70	0
1080000021	2013-01-23 14:00:00	73	-888
1070000008	2013-01-23 14:00:00	-999	-888
1040000004	2013-01-23 14:00:00	-999	-999
1270000008	2013-01-23 14:00:00	33	-888
1140000012	2013-01-23 14:00:00	39	-888
1080000001	2013-01-23 14:00:00	77	-888
1180000006	2013-01-23 14:00:00	77	0
1140000013	2013-01-23 14:00:00	45	-888
1220000002	2013-01-23 14:00:00	54	0
1140000004	2013-01-23 14:00:00	53	-888
1010000006	2013-01-23 14:00:00	20	0
1220000006	2013-01-23 14:00:00	40	0
1180000009	2013-01-23 14:00:00	42	0
1080000017	2013-01-23 14:00:00	60	-888
1220000015	2013-01-23 14:00:00	37	0
1150000007	2013-01-23 14:00:00	37	0
1380000003	2013-01-23 14:00:00	16	-888
1220000005	2013-01-23 14:00:00	38	0
1320000004	2013-01-23 14:00:00	28	0
1170000004	2013-01-23 14:00:00	39	0
1020000026	2013-01-23 14:00:00	18	0
1080000033	2013-01-23 14:00:00	60	-888
1220000008	2013-01-23 14:00:00	41	0
1180000007	2013-01-23 14:00:00	77	0
1220000001	2013-01-23 14:00:00	41	0
1040000001	2013-01-23 14:00:00	15	0
1220000007	2013-01-23 14:00:00	45	0
1270000014	2013-01-23 14:00:00	49	-888
1460000004	2013-01-23 14:00:00	33	0
1080000005	2013-01-23 14:00:00	63	0
1150000005	2013-01-23 14:00:00	37	0
1080000027	2013-01-23 14:00:00	56	-888
1070000026	2013-01-23 14:00:00	-999	-888
1070000003	2013-01-23 14:00:00	1421	-888
1410000009	2013-01-23 14:00:00	30	-888
1150000002	2013-01-23 14:00:00	37	0
1040000006	2013-01-23 14:00:00	-999	-999
1220000004	2013-01-23 14:00:00	44	0
1380000001	2013-01-23 14:00:00	17	0
1040000005	2013-01-23 14:00:00	24	0
1260000005	2013-01-23 14:00:00	37	0
1150000003	2013-01-23 14:00:00	39	0
1040000003	2013-01-23 14:00:00	-999	-999
1010000003	2013-01-23 14:00:00	20	0
1410000010	2013-01-23 14:00:00	33	-888
1070000018	2013-01-23 14:00:00	4201	-888
1080000011	2013-01-23 14:00:00	81	-888
1080000008	2013-01-23 14:00:00	73	0
1020000005	2013-01-23 14:00:00	18	0
1270000011	2013-01-23 14:00:00	52	-888
1080000004	2013-01-23 14:00:00	60	-888
1220000003	2013-01-23 14:00:00	45	0
1070000020	2013-01-23 14:00:00	220	-888
1080000020	2013-01-23 14:00:00	69	-888
1140000008	2013-01-23 14:00:00	45	-888
1320000008	2013-01-23 14:00:00	34	-888
1070000011	2013-01-23 14:00:00	-999	-888
1070000023	2013-01-23 14:00:00	-999	-888
1270000006	2013-01-23 14:00:00	36	-888
1070000006	2013-01-23 14:00:00	4963	-888
1180000023	2013-01-23 14:00:00	31	0
1320000023	2013-01-23 14:00:00	38	-888
1140000002	2013-01-23 14:00:00	55	-888
1020000011	2013-01-23 14:00:00	15	0
1010000008	2013-01-23 14:00:00	15	0
1460000001	2013-01-23 14:00:00	26	0
1080000024	2013-01-23 14:00:00	59	-888
1260000003	2013-01-23 14:00:00	47	0
1180000003	2013-01-23 14:00:00	66	0
1040000013	2013-01-23 14:00:00	-999	-999
1150000011	2013-01-23 14:00:00	30	0
1080000039	2013-01-23 14:00:00	69	-888
1220000016	2013-01-23 14:00:00	41	0
1270000002	2013-01-23 14:00:00	49	-888
1080000003	2013-01-23 14:00:00	71	-888
1070000004	2013-01-23 14:00:00	-999	-888
1080000038	2013-01-23 14:00:00	71	0
1320000007	2013-01-23 14:00:00	29	-888
1170000010	2013-01-23 14:00:00	43	0
1150000010	2013-01-23 14:00:00	26	0
1070000017	2013-01-23 14:00:00	3413	-888
1410000003	2013-01-23 14:00:00	30	-888
1380000034	2013-01-23 14:00:00	24	-888
1070000012	2013-01-23 14:00:00	729	-888
1080000023	2013-01-23 14:00:00	67	0
1070000010	2013-01-23 14:00:00	1034	-888
1270000001	2013-01-23 14:00:00	42	0
1020000001	2013-01-23 14:00:00	13	0
1180000002	2013-01-23 14:00:00	73	0
1080000016	2013-01-23 14:00:00	88	-888
1380000035	2013-01-23 14:00:00	22	-888
1270000009	2013-01-23 14:00:00	35	-888
1020000022	2013-01-23 14:00:00	14	-888
1330000002	2013-01-23 14:00:00	27	0
1080000007	2013-01-23 14:00:00	79	-888
1080000035	2013-01-23 14:00:00	78	0
1010000004	2013-01-23 14:00:00	20	0
1080000014	2013-01-23 14:00:00	66	-888
1070000021	2013-01-23 14:00:00	813	-888
1380000033	2013-01-23 14:00:00	12	-888
1270000012	2013-01-23 14:00:00	37	0
1220000014	2013-01-23 14:00:00	38	0
1180000012	2013-01-23 14:00:00	44	0
1150000009	2013-01-23 14:00:00	39	0
1080000012	2013-01-23 14:00:00	108	-888
1220000017	2013-01-23 14:00:00	40	0
1080000018	2013-01-23 14:00:00	56	-888
1180000024	2013-01-23 14:00:00	35	0
1320000024	2013-01-23 14:00:00	42	-888
1170000005	2013-01-23 14:00:00	46	0
1140000009	2013-01-23 14:00:00	47	-888
1080000012	2013-01-23 14:10:00	108	-888
1020000004	2013-01-23 14:10:00	18	0
1260000006	2013-01-23 14:10:00	37	0
1010000001	2013-01-23 14:10:00	19	0
1420000001	2013-01-23 14:10:00	24	0
1020000023	2013-01-23 14:10:00	15	-888
1080000010	2013-01-23 14:10:00	95	-888
1180000009	2013-01-23 14:10:00	42	0
1170000003	2013-01-23 14:10:00	47	0
1070000007	2013-01-23 14:10:00	3725	0
1080000013	2013-01-23 14:10:00	74	-888
1270000010	2013-01-23 14:10:00	42	-888
1040000005	2013-01-23 14:10:00	24	0
1070000006	2013-01-23 14:10:00	4961	-888
1070000011	2013-01-23 14:10:00	-999	-888
1180000023	2013-01-23 14:10:00	31	0
1010000003	2013-01-23 14:10:00	20	0
1080000023	2013-01-23 14:10:00	67	0
1080000030	2013-01-23 14:10:00	56	-888
1080000024	2013-01-23 14:10:00	59	-888
1010000006	2013-01-23 14:10:00	20	0
1080000026	2013-01-23 14:10:00	49	0
1180000024	2013-01-23 14:10:00	35	0
1220000009	2013-01-23 14:10:00	-888	0
1220000003	2013-01-23 14:10:00	45	0
1080000035	2013-01-23 14:10:00	78	0
1080000022	2013-01-23 14:10:00	67	-888
1270000006	2013-01-23 14:10:00	35	-888
1080000020	2013-01-23 14:10:00	71	-888
1070000022	2013-01-23 14:10:00	1280	-888
1260000002	2013-01-23 14:10:00	35	0
1380000032	2013-01-23 14:10:00	23	-888
1270000011	2013-01-23 14:10:00	50	-888
1180000013	2013-01-23 14:10:00	28	0
1080000011	2013-01-23 14:10:00	82	-888
1080000018	2013-01-23 14:10:00	56	-888
1020000025	2013-01-23 14:10:00	21	-888
1180000006	2013-01-23 14:10:00	77	0
1080000029	2013-01-23 14:10:00	53	-888
1080000015	2013-01-23 14:10:00	81	-888
1460000006	2013-01-23 14:10:00	44	0
1150000008	2013-01-23 14:10:00	37	0
1070000001	2013-01-23 14:10:00	877	-888
1260000003	2013-01-23 14:10:00	47	0
1020000002	2013-01-23 14:10:00	15	0
1410000009	2013-01-23 14:10:00	29	-888
1020000021	2013-01-23 14:10:00	16	-888
1460000004	2013-01-23 14:10:00	33	0
1080000003	2013-01-23 14:10:00	71	-888
1170000005	2013-01-23 14:10:00	46	0
1080000027	2013-01-23 14:10:00	56	-888
1380000031	2013-01-23 14:10:00	18	-888
1010000008	2013-01-23 14:10:00	16	0
1410000002	2013-01-23 14:10:00	30	-888
1220000008	2013-01-23 14:10:00	41	0
1260000001	2013-01-23 14:10:00	30	0
1070000023	2013-01-23 14:10:00	-999	-888
1080000006	2013-01-23 14:10:00	78	-888
1150000009	2013-01-23 14:10:00	39	0
1180000012	2013-01-23 14:10:00	42	0
1070000026	2013-01-23 14:10:00	-999	-888
1080000033	2013-01-23 14:10:00	60	-888
1260000004	2013-01-23 14:10:00	32	0
1180000007	2013-01-23 14:10:00	76	0
1140000011	2013-01-23 14:10:00	37	-888
1040000003	2013-01-23 14:10:00	-999	-999
1070000013	2013-01-23 14:10:00	300	-888
1180000002	2013-01-23 14:10:00	72	0
1270000013	2013-01-23 14:10:00	42	-888
1040000001	2013-01-23 14:10:00	15	0
1140000008	2013-01-23 14:10:00	46	-888
1080000028	2013-01-23 14:10:00	78	0
1070000017	2013-01-23 14:10:00	3409	-888
1270000012	2013-01-23 14:10:00	37	0
1310000001	2013-01-23 14:10:00	31	0
1080000031	2013-01-23 14:10:00	51	0
1080000036	2013-01-23 14:10:00	64	-888
1150000006	2013-01-23 14:10:00	38	0
1330000003	2013-01-23 14:10:00	38	0
1270000009	2013-01-23 14:10:00	35	-888
1320000005	2013-01-23 14:10:00	42	-888
1080000004	2013-01-23 14:10:00	60	-888
1070000003	2013-01-23 14:10:00	1410	-888
1080000007	2013-01-23 14:10:00	80	-888
1070000004	2013-01-23 14:10:00	-999	-888
1170000009	2013-01-23 14:10:00	40	0
1080000038	2013-01-23 14:10:00	71	0
1320000008	2013-01-23 14:10:00	33	-888
1380000002	2013-01-23 14:10:00	23	-888
1140000003	2013-01-23 14:10:00	36	-888
1020000026	2013-01-23 14:10:00	18	0
1070000012	2013-01-23 14:10:00	729	-888
1180000010	2013-01-23 14:10:00	35	0
1380000034	2013-01-23 14:10:00	23	-888
1140000010	2013-01-23 14:10:00	47	-888
1460000003	2013-01-23 14:10:00	28	0
1020000024	2013-01-23 14:10:00	27	-888
1180000022	2013-01-23 14:10:00	61	0
1070000021	2013-01-23 14:10:00	814	-888
1020000006	2013-01-23 14:10:00	16	0
1070000024	2013-01-23 14:10:00	-999	-888
1070000009	2013-01-23 14:10:00	16240	-888
1320000004	2013-01-23 14:10:00	28	0
1220000004	2013-01-23 14:10:00	44	0
1150000003	2013-01-23 14:10:00	39	0
1180000005	2013-01-23 14:10:00	69	0
1080000009	2013-01-23 14:10:00	87	-888
1410000001	2013-01-23 14:10:00	27	0
1140000007	2013-01-23 14:10:00	48	-888
1040000006	2013-01-23 14:10:00	-999	-999
1020000010	2013-01-23 14:10:00	16	0
1180000011	2013-01-23 14:10:00	39	0
1150000002	2013-01-23 14:10:00	38	0
1270000008	2013-01-23 14:10:00	33	-888
1150000004	2013-01-23 14:10:00	36	0
1020000003	2013-01-23 14:10:00	17	0
1460000002	2013-01-23 14:10:00	34	0
1320000023	2013-01-23 14:10:00	38	-888
1080000017	2013-01-23 14:10:00	60	-888
1140000013	2013-01-23 14:10:00	44	-888
1140000005	2013-01-23 14:10:00	50	-888
1020000012	2013-01-23 14:10:00	19	0
1180000025	2013-01-23 14:10:00	26	0
1220000016	2013-01-23 14:10:00	41	0
1080000001	2013-01-23 14:10:00	77	-888
1080000019	2013-01-23 14:10:00	86	-888
1020000022	2013-01-23 14:10:00	14	-888
1220000005	2013-01-23 14:10:00	38	0
1080000014	2013-01-23 14:10:00	66	-888
1080000005	2013-01-23 14:10:00	63	0
1320000024	2013-01-23 14:10:00	44	-888
1460000005	2013-01-23 14:10:00	33	0
1220000007	2013-01-23 14:10:00	45	0
1320000007	2013-01-23 14:10:00	30	-888
1320000003	2013-01-23 14:10:00	40	0
1270000015	2013-01-23 14:10:00	52	-888
1220000015	2013-01-23 14:10:00	37	0
1150000007	2013-01-23 14:10:00	37	0
1270000001	2013-01-23 14:10:00	43	0
1010000005	2013-01-23 14:10:00	17	0
1270000014	2013-01-23 14:10:00	49	-888
1010000004	2013-01-23 14:10:00	20	0
1170000010	2013-01-23 14:10:00	43	0
1070000005	2013-01-23 14:10:00	2842	0
1140000002	2013-01-23 14:10:00	55	-888
1220000017	2013-01-23 14:10:00	39	0
1140000009	2013-01-23 14:10:00	47	-888
1260000005	2013-01-23 14:10:00	37	0
1080000021	2013-01-23 14:10:00	75	-888
1170000007	2013-01-23 14:10:00	55	0
1380000033	2013-01-23 14:10:00	12	-888
1220000013	2013-01-23 14:10:00	38	0
1020000001	2013-01-23 14:10:00	13	0
1070000008	2013-01-23 14:10:00	-999	-888
1080000032	2013-01-23 14:10:00	49	-888
1010000009	2013-01-23 14:10:00	14	0
1020000011	2013-01-23 14:10:00	15	0
1380000001	2013-01-23 14:10:00	17	0
1170000008	2013-01-23 14:10:00	47	0
1410000003	2013-01-23 14:10:00	30	-888
1080000025	2013-01-23 14:10:00	56	-888
1140000006	2013-01-23 14:10:00	45	1
1040000002	2013-01-23 14:10:00	33	0
1140000004	2013-01-23 14:10:00	53	-888
1080000016	2013-01-23 14:10:00	88	-888
1070000020	2013-01-23 14:10:00	221	-888
1320000002	2013-01-23 14:10:00	40	0
1320000006	2013-01-23 14:10:00	36	-888
1330000002	2013-01-23 14:10:00	27	0
1070000010	2013-01-23 14:10:00	1036	-888
1180000003	2013-01-23 14:10:00	66	0
1150000001	2013-01-23 14:10:00	42	0
1150000005	2013-01-23 14:10:00	37	0
1220000014	2013-01-23 14:10:00	38	0
1020000005	2013-01-23 14:10:00	17	0
1080000002	2013-01-23 14:10:00	75	-888
1180000004	2013-01-23 14:10:00	58	0
1070000018	2013-01-23 14:10:00	4199	-888
1150000011	2013-01-23 14:10:00	29	0
1140000012	2013-01-23 14:10:00	39	-888
1220000002	2013-01-23 14:10:00	54	0
1010000002	2013-01-23 14:10:00	22	0
1220000018	2013-01-23 14:10:00	45	0
1270000007	2013-01-23 14:10:00	40	0
1270000002	2013-01-23 14:10:00	49	-888
1080000039	2013-01-23 14:10:00	69	-888
1460000007	2013-01-23 14:10:00	31	0
1180000001	2013-01-23 14:10:00	59	0
1270000004	2013-01-23 14:10:00	50	-888
1170000002	2013-01-23 14:10:00	48	0
1320000009	2013-01-23 14:10:00	36	-888
1320000001	2013-01-23 14:10:00	46	0
1070000002	2013-01-23 14:10:00	-999	-888
1180000008	2013-01-23 14:10:00	-999	-999
1040000004	2013-01-23 14:10:00	-999	-999
1070000016	2013-01-23 14:10:00	241	-888
1080000034	2013-01-23 14:10:00	74	-888
1410000010	2013-01-23 14:10:00	33	-888
1150000010	2013-01-23 14:10:00	27	0
1330000001	2013-01-23 14:10:00	30	-999
1070000025	2013-01-23 14:10:00	1788	-888
1170000004	2013-01-23 14:10:00	39	0
1220000006	2013-01-23 14:10:00	40	0
1220000001	2013-01-23 14:10:00	41	0
1270000003	2013-01-23 14:10:00	50	-888
1180000021	2013-01-23 14:10:00	46	0
1380000003	2013-01-23 14:10:00	16	-888
1270000005	2013-01-23 14:10:00	48	-888
1040000013	2013-01-23 14:10:00	-999	-999
1080000037	2013-01-23 14:10:00	54	0
1380000035	2013-01-23 14:10:00	21	-888
1080000008	2013-01-23 14:10:00	74	0
1460000001	2013-01-23 14:10:00	26	0
1170000001	2013-01-23 14:10:00	47	0
1170000006	2013-01-23 14:10:00	44	0
1140000001	2013-01-23 14:10:00	41	0
1410000011	2013-01-23 14:10:00	28	-888
1010000007	2013-01-23 14:10:00	14	0
1020000005	2013-01-23 14:20:00	18	0
1080000014	2013-01-23 14:20:00	66	-888
1320000003	2013-01-23 14:20:00	40	0
1180000009	2013-01-23 14:20:00	42	0
1040000013	2013-01-23 14:20:00	-999	-999
1020000004	2013-01-23 14:20:00	18	0
1150000006	2013-01-23 14:20:00	38	0
1070000001	2013-01-23 14:20:00	879	-888
1170000004	2013-01-23 14:20:00	40	0
1010000001	2013-01-23 14:20:00	19	0
1220000018	2013-01-23 14:20:00	45	0
1070000003	2013-01-23 14:20:00	1420	-888
1080000017	2013-01-23 14:20:00	60	-888
1070000026	2013-01-23 14:20:00	-999	-888
1080000020	2013-01-23 14:20:00	71	-888
1070000023	2013-01-23 14:20:00	-999	-888
1410000001	2013-01-23 14:20:00	28	0
1260000003	2013-01-23 14:20:00	47	0
1140000001	2013-01-23 14:20:00	41	1
1040000006	2013-01-23 14:20:00	-999	-999
1170000003	2013-01-23 14:20:00	48	0
1150000011	2013-01-23 14:20:00	30	0
1010000009	2013-01-23 14:20:00	14	0
1220000002	2013-01-23 14:20:00	54	0
1220000015	2013-01-23 14:20:00	37	0
1140000006	2013-01-23 14:20:00	44	0
1170000010	2013-01-23 14:20:00	43	0
1080000016	2013-01-23 14:20:00	88	-888
1380000002	2013-01-23 14:20:00	22	-888
1320000009	2013-01-23 14:20:00	36	-888
1380000001	2013-01-23 14:20:00	17	0
1410000003	2013-01-23 14:20:00	30	-888
1170000002	2013-01-23 14:20:00	48	0
1270000005	2013-01-23 14:20:00	47	-888
1020000026	2013-01-23 14:20:00	18	0
1320000024	2013-01-23 14:20:00	43	-888
1380000031	2013-01-23 14:20:00	18	-888
1080000025	2013-01-23 14:20:00	55	-888
1270000011	2013-01-23 14:20:00	51	-888
1270000004	2013-01-23 14:20:00	50	-888
1070000009	2013-01-23 14:20:00	16230	-888
1180000013	2013-01-23 14:20:00	28	0
1080000023	2013-01-23 14:20:00	68	0
1080000002	2013-01-23 14:20:00	76	-888
1180000007	2013-01-23 14:20:00	78	0
1150000010	2013-01-23 14:20:00	27	0
1070000017	2013-01-23 14:20:00	3415	-888
1140000004	2013-01-23 14:20:00	53	-888
1270000003	2013-01-23 14:20:00	50	-888
1080000004	2013-01-23 14:20:00	62	-888
1140000009	2013-01-23 14:20:00	47	-888
1070000018	2013-01-23 14:20:00	4201	-888
1220000016	2013-01-23 14:20:00	41	0
1140000008	2013-01-23 14:20:00	45	-888
1150000007	2013-01-23 14:20:00	37	0
1080000007	2013-01-23 14:20:00	80	-888
1140000012	2013-01-23 14:20:00	39	-888
1260000001	2013-01-23 14:20:00	30	0
1080000039	2013-01-23 14:20:00	69	-888
1140000010	2013-01-23 14:20:00	47	-888
1220000001	2013-01-23 14:20:00	41	0
1080000021	2013-01-23 14:20:00	75	-888
1080000012	2013-01-23 14:20:00	108	-888
1020000006	2013-01-23 14:20:00	16	0
1010000003	2013-01-23 14:20:00	20	0
1080000032	2013-01-23 14:20:00	49	-888
1220000008	2013-01-23 14:20:00	41	0
1270000002	2013-01-23 14:20:00	51	-888
1070000005	2013-01-23 14:20:00	2843	0
1310000001	2013-01-23 14:20:00	31	0
1010000006	2013-01-23 14:20:00	20	0
1040000002	2013-01-23 14:20:00	33	0
1320000002	2013-01-23 14:20:00	41	0
1220000009	2013-01-23 14:20:00	-888	0
1080000013	2013-01-23 14:20:00	74	-888
1080000001	2013-01-23 14:20:00	77	-888
1080000034	2013-01-23 14:20:00	73	-888
1080000005	2013-01-23 14:20:00	63	0
1070000004	2013-01-23 14:20:00	-999	-888
1320000006	2013-01-23 14:20:00	36	-888
1070000011	2013-01-23 14:20:00	-999	-888
1080000036	2013-01-23 14:20:00	66	-888
1020000003	2013-01-23 14:20:00	17	0
1080000003	2013-01-23 14:20:00	71	-888
1080000018	2013-01-23 14:20:00	56	-888
1080000009	2013-01-23 14:20:00	87	-888
1180000003	2013-01-23 14:20:00	67	0
1170000007	2013-01-23 14:20:00	54	0
1140000007	2013-01-23 14:20:00	49	-888
1070000007	2013-01-23 14:20:00	3724	0
1020000011	2013-01-23 14:20:00	15	0
1150000002	2013-01-23 14:20:00	38	0
1020000002	2013-01-23 14:20:00	15	0
1040000005	2013-01-23 14:20:00	25	0
1330000003	2013-01-23 14:20:00	39	0
1410000009	2013-01-23 14:20:00	31	-888
1320000007	2013-01-23 14:20:00	30	-888
1080000035	2013-01-23 14:20:00	79	0
1020000025	2013-01-23 14:20:00	21	-888
1180000021	2013-01-23 14:20:00	46	0
1080000038	2013-01-23 14:20:00	72	0
1270000006	2013-01-23 14:20:00	36	-888
1180000023	2013-01-23 14:20:00	31	0
1040000004	2013-01-23 14:20:00	-999	-999
1150000001	2013-01-23 14:20:00	42	0
1410000010	2013-01-23 14:20:00	33	-888
1260000006	2013-01-23 14:20:00	38	0
1070000008	2013-01-23 14:20:00	-999	-888
1260000005	2013-01-23 14:20:00	37	0
1150000009	2013-01-23 14:20:00	38	0
1460000007	2013-01-23 14:20:00	31	0
1020000010	2013-01-23 14:20:00	16	0
1380000035	2013-01-23 14:20:00	22	-888
1460000004	2013-01-23 14:20:00	33	0
1070000021	2013-01-23 14:20:00	813	-888
1170000009	2013-01-23 14:20:00	40	0
1270000001	2013-01-23 14:20:00	42	0
1180000011	2013-01-23 14:20:00	38	0
1320000005	2013-01-23 14:20:00	42	-888
1070000022	2013-01-23 14:20:00	1280	-888
1220000005	2013-01-23 14:20:00	38	0
1330000002	2013-01-23 14:20:00	28	0
1070000012	2013-01-23 14:20:00	729	-888
1040000003	2013-01-23 14:20:00	-999	-999
1020000022	2013-01-23 14:20:00	14	-888
1080000028	2013-01-23 14:20:00	79	0
1150000008	2013-01-23 14:20:00	37	0
1070000010	2013-01-23 14:20:00	1033	-888
1080000022	2013-01-23 14:20:00	67	-888
1180000022	2013-01-23 14:20:00	63	0
1080000019	2013-01-23 14:20:00	86	-888
1010000005	2013-01-23 14:20:00	16	0
1220000013	2013-01-23 14:20:00	38	0
1070000020	2013-01-23 14:20:00	220	-888
1080000031	2013-01-23 14:20:00	51	0
1070000002	2013-01-23 14:20:00	-999	-888
1150000003	2013-01-23 14:20:00	39	0
1140000011	2013-01-23 14:20:00	37	-888
1080000037	2013-01-23 14:20:00	55	0
1270000009	2013-01-23 14:20:00	35	-888
1010000007	2013-01-23 14:20:00	14	0
1170000006	2013-01-23 14:20:00	43	0
1080000033	2013-01-23 14:20:00	61	-888
1320000004	2013-01-23 14:20:00	29	0
1180000010	2013-01-23 14:20:00	35	0
1270000008	2013-01-23 14:20:00	33	-888
1180000024	2013-01-23 14:20:00	35	0
1080000010	2013-01-23 14:20:00	95	-888
1070000006	2013-01-23 14:20:00	4971	-888
1070000013	2013-01-23 14:20:00	300	-888
1140000002	2013-01-23 14:20:00	56	-888
1380000032	2013-01-23 14:20:00	23	-888
1180000002	2013-01-23 14:20:00	72	0
1020000012	2013-01-23 14:20:00	19	0
1180000006	2013-01-23 14:20:00	77	0
1460000006	2013-01-23 14:20:00	43	0
1010000008	2013-01-23 14:20:00	16	0
1270000010	2013-01-23 14:20:00	41	-888
1380000003	2013-01-23 14:20:00	15	-888
1140000005	2013-01-23 14:20:00	50	-888
1020000021	2013-01-23 14:20:00	16	-888
1220000014	2013-01-23 14:20:00	38	0
1070000016	2013-01-23 14:20:00	241	-888
1380000034	2013-01-23 14:20:00	24	-888
1330000001	2013-01-23 14:20:00	31	-999
1080000024	2013-01-23 14:20:00	59	-888
1260000002	2013-01-23 14:20:00	35	0
1220000007	2013-01-23 14:20:00	45	0
1080000027	2013-01-23 14:20:00	56	-888
1070000025	2013-01-23 14:20:00	1789	-888
1410000002	2013-01-23 14:20:00	30	-888
1170000008	2013-01-23 14:20:00	48	0
1220000017	2013-01-23 14:20:00	39	0
1270000012	2013-01-23 14:20:00	37	0
1070000024	2013-01-23 14:20:00	-999	-888
1150000005	2013-01-23 14:20:00	37	0
1220000004	2013-01-23 14:20:00	44	0
1220000003	2013-01-23 14:20:00	45	0
1460000002	2013-01-23 14:20:00	34	0
1320000001	2013-01-23 14:20:00	46	0
1460000005	2013-01-23 14:20:00	33	0
1080000015	2013-01-23 14:20:00	83	-888
1150000004	2013-01-23 14:20:00	36	0
1270000007	2013-01-23 14:20:00	41	0
1180000008	2013-01-23 14:20:00	-999	-999
1180000025	2013-01-23 14:20:00	27	0
1380000033	2013-01-23 14:20:00	12	-888
1410000011	2013-01-23 14:20:00	29	-888
1040000001	2013-01-23 14:20:00	15	0
1270000013	2013-01-23 14:20:00	42	-888
1080000011	2013-01-23 14:20:00	84	-888
1010000004	2013-01-23 14:20:00	20	0
1320000023	2013-01-23 14:20:00	36	-888
1080000008	2013-01-23 14:20:00	74	0
1020000023	2013-01-23 14:20:00	15	-888
1180000012	2013-01-23 14:20:00	42	0
1020000001	2013-01-23 14:20:00	13	0
1260000004	2013-01-23 14:20:00	32	0
1180000001	2013-01-23 14:20:00	60	0
1270000014	2013-01-23 14:20:00	49	-888
1080000030	2013-01-23 14:20:00	56	-888
1180000004	2013-01-23 14:20:00	58	0
1320000008	2013-01-23 14:20:00	33	-888
1180000005	2013-01-23 14:20:00	69	0
1010000002	2013-01-23 14:20:00	22	0
1140000013	2013-01-23 14:20:00	44	-888
1420000001	2013-01-23 14:20:00	26	0
1460000003	2013-01-23 14:20:00	28	0
1460000001	2013-01-23 14:20:00	26	0
1140000003	2013-01-23 14:20:00	36	-888
1170000001	2013-01-23 14:20:00	47	0
1220000006	2013-01-23 14:20:00	40	0
1170000005	2013-01-23 14:20:00	46	0
1080000029	2013-01-23 14:20:00	53	-888
1080000026	2013-01-23 14:20:00	49	0
1270000015	2013-01-23 14:20:00	52	-888
1080000006	2013-01-23 14:20:00	78	-888
1020000024	2013-01-23 14:20:00	27	-888
